{
  "_id": "CP_MULTIPLIERS",
  "levels": {
    "1": 0.094,
    "2": 0.16639787,
    "3": 0.21573247,
    "4": 0.25572005,
    "5": 0.29024988,
    "6": 0.3210876,
    "7": 0.34921268,
    "8": 0.3752356,
    "9": 0.39956728,
    "10": 0.4225,
    "11": 0.44310755,
    "12": 0.4627984,
    "13": 0.48168495,
    "14": 0.49985844,
    "15": 0.51739395,
    "16": 0.5343543,
    "17": 0.5507927,
    "18": 0.5667545,
    "19": 0.5822789,
    "20": 0.5974,
    "21": 0.6121573,
    "22": 0.6265671,
    "23": 0.64065295,
    "24": 0.65443563,
    "25": 0.667934,
    "26": 0.6811649,
    "27": 0.69414365,
    "28": 0.7068842,
    "29": 0.7193991,
    "30": 0.7317,
    "31": 0.7377695,
    "32": 0.74378943,
    "33": 0.74976104,
    "34": 0.7556855,
    "35": 0.76156384,
    "36": 0.76739717,
    "37": 0.7731865,
    "38": 0.77893275,
    "39": 0.784637,
    "40": 0.7903,
    "1.5": 0.135137432,
    "2.5": 0.192650915,
    "3.5": 0.236572655,
    "4.5": 0.273530379,
    "5.5": 0.30605738,
    "6.5": 0.335445035,
    "7.5": 0.362457757,
    "8.5": 0.387592419,
    "9.5": 0.411193544,
    "10.5": 0.432926409,
    "11.5": 0.453059963,
    "12.5": 0.472336083,
    "13.5": 0.490855809,
    "14.5": 0.508701759,
    "15.5": 0.525942496,
    "16.5": 0.542635751,
    "17.5": 0.558830592,
    "18.5": 0.574569135,
    "19.5": 0.589887903,
    "20.5": 0.60482366,
    "21.5": 0.619404105,
    "22.5": 0.633649167,
    "23.5": 0.647580959,
    "24.5": 0.661219261,
    "25.5": 0.674581889,
    "26.5": 0.687684894,
    "27.5": 0.700542889,
    "28.5": 0.713169102,
    "29.5": 0.725575618,
    "30.5": 0.734741017,
    "31.5": 0.74078558,
    "32.5": 0.746781204,
    "33.5": 0.752729099,
    "34.5": 0.758630364,
    "35.5": 0.764486069,
    "36.5": 0.770297274,
    "37.5": 0.776064943,
    "38.5": 0.781790078,
    "39.5": 0.787473591
  }
}